0,Ha Noi,Hotels,https://www.tripadvisor.com/Hotels-g293924-Hanoi-Hotels.html,Hanoi La Siesta Hotel & Spa,5 of 5
1,Ha Noi,Hotels,https://www.tripadvisor.com/Hotels-g293924-Hanoi-Hotels.html,Lotte Hotel Hanoi,5 of 5
2,Ha Noi,Hotels,https://www.tripadvisor.com/Hotels-g293924-Hanoi-Hotels.html,Hanoi Brilliant Hotel & Spa,5 of 5
3,Ha Noi,Hotels,https://www.tripadvisor.com/Hotels-g293924-Hanoi-Hotels.html,Sofitel Legend Metropole Hanoi,5 of 5
4,Ha Noi,Hotels,https://www.tripadvisor.com/Hotels-g293924-Hanoi-Hotels.html,Luxury Backpackers Hanoi,5 of 5
5,Ha Noi,Hotels,https://www.tripadvisor.com/Hotels-g293924-Hanoi-Hotels.html,La Siesta Premium Hang Be,5 of 5
6,Ha Noi,Hotels,https://www.tripadvisor.com/Hotels-g293924-Hanoi-Hotels.html,Oriental Suites Hotel & Spa,5 of 5
7,Ha Noi,Hotels,https://www.tripadvisor.com/Hotels-g293924-Hanoi-Hotels.html,Garden Boutique Hotel & Spa,5 of 5
8,Ha Noi,Hotels,https://www.tripadvisor.com/Hotels-g293924-Hanoi-Hotels.html,O’Gallery Majestic Hotel & Spa,5 of 5
9,Ha Noi,Hotels,https://www.tripadvisor.com/Hotels-g293924-Hanoi-Hotels.html,The Oriental Jade Hotel,5 of 5
10,Ha Noi,Hotels,https://www.tripadvisor.com/Hotels-g293924-Hanoi-Hotels.html,Shining Boutique Hotel & Spa,5 of 5
11,Ha Noi,Hotels,https://www.tripadvisor.com/Hotels-g293924-Hanoi-Hotels.html,Malo Boutique Hotel & Travel,4.5 of 5
12,Ha Noi,Hotels,https://www.tripadvisor.com/Hotels-g293924-Hanoi-Hotels.html,Hanoi Golden Moment Hotel & Travel,5 of 5
13,Ha Noi,Hotels,https://www.tripadvisor.com/Hotels-g293924-Hanoi-Hotels.html,Hanoi La Selva Hotel,5 of 5
14,Ha Noi,Hotels,https://www.tripadvisor.com/Hotels-g293924-Hanoi-Hotels.html,Bonsella Prestige Hotel and Spa,5 of 5
15,Ha Noi,Hotels,https://www.tripadvisor.com/Hotels-g293924-Hanoi-Hotels.html,Hanoi Emerald Waters Hotel Trendy,5 of 5
16,Ha Noi,Hotels,https://www.tripadvisor.com/Hotels-g293924-Hanoi-Hotels.html,Hanoi Antique Legend Hotel,5 of 5
17,Ha Noi,Hotels,https://www.tripadvisor.com/Hotels-g293924-Hanoi-Hotels.html,Golden Rooster Hotel,5 of 5
18,Ha Noi,Hotels,https://www.tripadvisor.com/Hotels-g293924-Hanoi-Hotels.html,Hanoi La Siesta Hotel Trendy,5 of 5
19,Ha Noi,Hotels,https://www.tripadvisor.com/Hotels-g293924-Hanoi-Hotels.html,The Lapis Hotel,4.5 of 5
20,Ha Noi,Hotels,https://www.tripadvisor.com/Hotels-g293924-Hanoi-Hotels.html,Hilton Hanoi Opera,4 of 5
21,Ha Noi,Hotels,https://www.tripadvisor.com/Hotels-g293924-Hanoi-Hotels.html,Bonsella Hotel,5 of 5
22,Ha Noi,Hotels,https://www.tripadvisor.com/Hotels-g293924-Hanoi-Hotels.html,Hanoi Emerald Waters Hotel & Spa,5 of 5
23,Ha Noi,Hotels,https://www.tripadvisor.com/Hotels-g293924-Hanoi-Hotels.html,Hanoi Babylon Garden Hotel & Spa,5 of 5
24,Ha Noi,Hotels,https://www.tripadvisor.com/Hotels-g293924-Hanoi-Hotels.html,Silk Path Hotel Hanoi,4.5 of 5
25,Ha Noi,Hotels,https://www.tripadvisor.com/Hotels-g293924-Hanoi-Hotels.html,InterContinental Hanoi Westlake,4.5 of 5
26,Ha Noi,Hotels,https://www.tripadvisor.com/Hotels-g293924-Hanoi-Hotels.html,Silk Path Boutique Hanoi,5 of 5
27,Ha Noi,Hotels,https://www.tripadvisor.com/Hotels-g293924-Hanoi-Hotels.html,Splendid Hotel & Spa,5 of 5
28,Ha Noi,Hotels,https://www.tripadvisor.com/Hotels-g293924-Hanoi-Hotels.html,Golden Sun Palace Hotel,5 of 5
29,Ha Noi,Hotels,https://www.tripadvisor.com/Hotels-g293924-Hanoi-Hotels.html,Nova Luxury Hotel,5 of 5
30,Ha Noi,Restaurants,https://www.tripadvisor.com/Restaurants-g293924-Hanoi.html,Drink Up,4 of 5
31,Ha Noi,Restaurants,https://www.tripadvisor.com/Restaurants-g293924-Hanoi.html,Au O Vietnam Kitchen,4 of 5
32,Ha Noi,Restaurants,https://www.tripadvisor.com/Restaurants-g293924-Hanoi.html,Craic Cafe,4 of 5
33,Ha Noi,Restaurants,https://www.tripadvisor.com/Restaurants-g293924-Hanoi.html,Trippy Land Cocktail & Wine Bar,4 of 5
34,Ha Noi,Restaurants,https://www.tripadvisor.com/Restaurants-g293924-Hanoi.html,MinhChay Xuan Dieu,4 of 5
35,Ha Noi,Restaurants,https://www.tripadvisor.com/Restaurants-g293924-Hanoi.html,Reiwa Japanese Restaurant,4 of 5
36,Ha Noi,Restaurants,https://www.tripadvisor.com/Restaurants-g293924-Hanoi.html,Rice Bistro,4 of 5
37,HO Chi Minh City,Hotels,https://www.tripadvisor.com/Hotels-g293925-Ho_Chi_Minh_City-Hotels.html,C Central Hotel,4.5 of 5
38,HO Chi Minh City,Hotels,https://www.tripadvisor.com/Hotels-g293925-Ho_Chi_Minh_City-Hotels.html,Liberty Central Saigon Riverside Hotel,4.5 of 5
39,HO Chi Minh City,Hotels,https://www.tripadvisor.com/Hotels-g293925-Ho_Chi_Minh_City-Hotels.html,The Myst Dong Khoi,4.5 of 5
40,HO Chi Minh City,Hotels,https://www.tripadvisor.com/Hotels-g293925-Ho_Chi_Minh_City-Hotels.html,Alagon Zen Hotel & Spa,4.5 of 5
41,HO Chi Minh City,Hotels,https://www.tripadvisor.com/Hotels-g293925-Ho_Chi_Minh_City-Hotels.html,Liberty Central Saigon Citypoint Hotel,4.5 of 5
42,HO Chi Minh City,Hotels,https://www.tripadvisor.com/Hotels-g293925-Ho_Chi_Minh_City-Hotels.html,Lotte Hotel Saigon,4.5 of 5
43,HO Chi Minh City,Hotels,https://www.tripadvisor.com/Hotels-g293925-Ho_Chi_Minh_City-Hotels.html,Rex Hotel,4 of 5
44,HO Chi Minh City,Hotels,https://www.tripadvisor.com/Hotels-g293925-Ho_Chi_Minh_City-Hotels.html,Hotel Nikko Saigon,4.5 of 5
45,HO Chi Minh City,Hotels,https://www.tripadvisor.com/Hotels-g293925-Ho_Chi_Minh_City-Hotels.html,Alagon Central Hotel & Spa,4 of 5
46,HO Chi Minh City,Hotels,https://www.tripadvisor.com/Hotels-g293925-Ho_Chi_Minh_City-Hotels.html,Fusion Suites Saigon,4.5 of 5
47,HO Chi Minh City,Hotels,https://www.tripadvisor.com/Hotels-g293925-Ho_Chi_Minh_City-Hotels.html,Silverland Sakyo Hotel & Spa,4.5 of 5
48,HO Chi Minh City,Hotels,https://www.tripadvisor.com/Hotels-g293925-Ho_Chi_Minh_City-Hotels.html,Sanouva Saigon Hotel,4 of 5
49,HO Chi Minh City,Hotels,https://www.tripadvisor.com/Hotels-g293925-Ho_Chi_Minh_City-Hotels.html,Alagon D'antique Hotel & Spa,4.5 of 5
50,HO Chi Minh City,Hotels,https://www.tripadvisor.com/Hotels-g293925-Ho_Chi_Minh_City-Hotels.html,Christina's - Hotel & Cafe,5 of 5
51,HO Chi Minh City,Hotels,https://www.tripadvisor.com/Hotels-g293925-Ho_Chi_Minh_City-Hotels.html,Silverland Yen Hotel,4.5 of 5
52,HO Chi Minh City,Hotels,https://www.tripadvisor.com/Hotels-g293925-Ho_Chi_Minh_City-Hotels.html,Silverland Jolie Hotel & Spa,4.5 of 5
53,HO Chi Minh City,Hotels,https://www.tripadvisor.com/Hotels-g293925-Ho_Chi_Minh_City-Hotels.html,Sheraton Saigon Hotel & Towers,4.5 of 5
54,HO Chi Minh City,Hotels,https://www.tripadvisor.com/Hotels-g293925-Ho_Chi_Minh_City-Hotels.html,Avanti Hotel,4 of 5
55,HO Chi Minh City,Hotels,https://www.tripadvisor.com/Hotels-g293925-Ho_Chi_Minh_City-Hotels.html,GK Central Hotel,4 of 5
56,HO Chi Minh City,Hotels,https://www.tripadvisor.com/Hotels-g293925-Ho_Chi_Minh_City-Hotels.html,Hotel Continental Saigon,4 of 5
57,HO Chi Minh City,Hotels,https://www.tripadvisor.com/Hotels-g293925-Ho_Chi_Minh_City-Hotels.html,EdenStar Saigon Hotel & Spa,4 of 5
58,HO Chi Minh City,Hotels,https://www.tripadvisor.com/Hotels-g293925-Ho_Chi_Minh_City-Hotels.html,Eastin Grand Hotel Saigon,4 of 5
59,HO Chi Minh City,Hotels,https://www.tripadvisor.com/Hotels-g293925-Ho_Chi_Minh_City-Hotels.html,Novotel Saigon Centre Hotel,4 of 5
60,HO Chi Minh City,Hotels,https://www.tripadvisor.com/Hotels-g293925-Ho_Chi_Minh_City-Hotels.html,New World Saigon Hotel,4 of 5
61,HO Chi Minh City,Hotels,https://www.tripadvisor.com/Hotels-g293925-Ho_Chi_Minh_City-Hotels.html,Pullman Saigon Centre,4.5 of 5
62,HO Chi Minh City,Hotels,https://www.tripadvisor.com/Hotels-g293925-Ho_Chi_Minh_City-Hotels.html,Windsor Plaza Hotel,4 of 5
63,HO Chi Minh City,Hotels,https://www.tripadvisor.com/Hotels-g293925-Ho_Chi_Minh_City-Hotels.html,Chez Mimosa Corner,5 of 5
64,HO Chi Minh City,Hotels,https://www.tripadvisor.com/Hotels-g293925-Ho_Chi_Minh_City-Hotels.html,Saigon Prince Hotel,4 of 5
65,HO Chi Minh City,Hotels,https://www.tripadvisor.com/Hotels-g293925-Ho_Chi_Minh_City-Hotels.html,The Reverie Saigon,5 of 5
66,HO Chi Minh City,Hotels,https://www.tripadvisor.com/Hotels-g293925-Ho_Chi_Minh_City-Hotels.html,Maison De Camille,4.5 of 5
67,HO Chi Minh City,Restaurants,https://www.tripadvisor.com/Restaurants-g293925-Ho_Chi_Minh_City.html,IL CORDA Charcoal Steakhouse,4 of 5
68,HO Chi Minh City,Restaurants,https://www.tripadvisor.com/Restaurants-g293925-Ho_Chi_Minh_City.html,Mellower Coffee,4 of 5
69,HO Chi Minh City,Restaurants,https://www.tripadvisor.com/Restaurants-g293925-Ho_Chi_Minh_City.html,Blank Lounge Landmark,4 of 5
70,HO Chi Minh City,Restaurants,https://www.tripadvisor.com/Restaurants-g293925-Ho_Chi_Minh_City.html,Dosh,4 of 5
71,HO Chi Minh City,Restaurants,https://www.tripadvisor.com/Restaurants-g293925-Ho_Chi_Minh_City.html,Tandoor,4 of 5
72,HO Chi Minh City,Restaurants,https://www.tripadvisor.com/Restaurants-g293925-Ho_Chi_Minh_City.html,Ria - Sangria & Tapas,4 of 5
73,HO Chi Minh City,Restaurants,https://www.tripadvisor.com/Restaurants-g293925-Ho_Chi_Minh_City.html,Craftbeer RestoBar,4 of 5
74,Da Nang,Hotels,https://www.tripadvisor.com/Hotels-g298085-Da_Nang-Hotels.html,Muong Thanh Luxury Da Nang Hotel,5 of 5
75,Da Nang,Hotels,https://www.tripadvisor.com/Hotels-g298085-Da_Nang-Hotels.html,HAIAN Beach Hotel & Spa,5 of 5
76,Da Nang,Hotels,https://www.tripadvisor.com/Hotels-g298085-Da_Nang-Hotels.html,Hadana Boutique Hotel,5 of 5
77,Da Nang,Hotels,https://www.tripadvisor.com/Hotels-g298085-Da_Nang-Hotels.html,Sanouva Danang Hotel,5 of 5
78,Da Nang,Hotels,https://www.tripadvisor.com/Hotels-g298085-Da_Nang-Hotels.html,Balcona Hotel Da Nang,5 of 5
79,Da Nang,Hotels,https://www.tripadvisor.com/Hotels-g298085-Da_Nang-Hotels.html,Novotel Danang Premier Han River,5 of 5
80,Da Nang,Hotels,https://www.tripadvisor.com/Hotels-g298085-Da_Nang-Hotels.html,InterContinental Danang Sun Peninsula Resort,5 of 5
81,Da Nang,Hotels,https://www.tripadvisor.com/Hotels-g298085-Da_Nang-Hotels.html,Hyatt Regency Danang Resort & Spa,4.5 of 5
82,Da Nang,Hotels,https://www.tripadvisor.com/Hotels-g298085-Da_Nang-Hotels.html,Belle Maison Parosand Danang,5 of 5
83,Da Nang,Hotels,https://www.tripadvisor.com/Hotels-g298085-Da_Nang-Hotels.html,Paris Deli Hotel,5 of 5
84,Da Nang,Hotels,https://www.tripadvisor.com/Hotels-g298085-Da_Nang-Hotels.html,Muong Thanh Grand Da Nang Hotel,4.5 of 5
85,Da Nang,Hotels,https://www.tripadvisor.com/Hotels-g298085-Da_Nang-Hotels.html,Pullman Danang Beach Resort,4.5 of 5
86,Da Nang,Hotels,https://www.tripadvisor.com/Hotels-g298085-Da_Nang-Hotels.html,Royal Lotus Hotel Danang,5 of 5
87,Da Nang,Hotels,https://www.tripadvisor.com/Hotels-g298085-Da_Nang-Hotels.html,Fivitel Da Nang Hotel,5 of 5
88,Da Nang,Hotels,https://www.tripadvisor.com/Hotels-g298085-Da_Nang-Hotels.html,Mandila Beach Hotel Danang,4.5 of 5
89,Da Nang,Hotels,https://www.tripadvisor.com/Hotels-g298085-Da_Nang-Hotels.html,Naman Retreat,4.5 of 5
90,Da Nang,Hotels,https://www.tripadvisor.com/Hotels-g298085-Da_Nang-Hotels.html,A La Carte Da Nang Beach,4.5 of 5
91,Da Nang,Hotels,https://www.tripadvisor.com/Hotels-g298085-Da_Nang-Hotels.html,Queen's Finger Hotel,4.5 of 5
92,Da Nang,Hotels,https://www.tripadvisor.com/Hotels-g298085-Da_Nang-Hotels.html,Hilton Da Nang,4.5 of 5
93,Da Nang,Hotels,https://www.tripadvisor.com/Hotels-g298085-Da_Nang-Hotels.html,Centara Sandy Beach Resort Danang,4 of 5
94,Da Nang,Hotels,https://www.tripadvisor.com/Hotels-g298085-Da_Nang-Hotels.html,Monarque Hotel,5 of 5
95,Da Nang,Hotels,https://www.tripadvisor.com/Hotels-g298085-Da_Nang-Hotels.html,Grand Mercure Danang,5 of 5
96,Da Nang,Hotels,https://www.tripadvisor.com/Hotels-g298085-Da_Nang-Hotels.html,Sheraton Grand Danang Resort,4.5 of 5
97,Da Nang,Hotels,https://www.tripadvisor.com/Hotels-g298085-Da_Nang-Hotels.html,Stella Maris Beach Danang,5 of 5
98,Da Nang,Hotels,https://www.tripadvisor.com/Hotels-g298085-Da_Nang-Hotels.html,New Orient Hotel,5 of 5
99,Da Nang,Hotels,https://www.tripadvisor.com/Hotels-g298085-Da_Nang-Hotels.html,Adamo Hotel,4.5 of 5
100,Da Nang,Hotels,https://www.tripadvisor.com/Hotels-g298085-Da_Nang-Hotels.html,Furama Resort Danang,4.5 of 5
101,Da Nang,Hotels,https://www.tripadvisor.com/Hotels-g298085-Da_Nang-Hotels.html,Danang Golden Bay,5 of 5
102,Da Nang,Hotels,https://www.tripadvisor.com/Hotels-g298085-Da_Nang-Hotels.html,Satya Danang Hotel,4.5 of 5
103,Da Nang,Hotels,https://www.tripadvisor.com/Hotels-g298085-Da_Nang-Hotels.html,Avatar Hotel Da Nang,4.5 of 5
104,Da Nang,Restaurants,https://www.tripadvisor.com/Restaurants-g298085-Da_Nang.html,Mintown Coffee Roasting,4 of 5
105,Da Nang,Restaurants,https://www.tripadvisor.com/Restaurants-g298085-Da_Nang.html,Luce Restaurant,4 of 5
106,Da Nang,Restaurants,https://www.tripadvisor.com/Restaurants-g298085-Da_Nang.html,Dorachan Coffee,4 of 5
107,Da Nang,Restaurants,https://www.tripadvisor.com/Restaurants-g298085-Da_Nang.html,Veteran Restaurant,4 of 5
108,Da Nang,Restaurants,https://www.tripadvisor.com/Restaurants-g298085-Da_Nang.html,The Temptation Restaurant,4 of 5
109,Da Nang,Restaurants,https://www.tripadvisor.com/Restaurants-g298085-Da_Nang.html,VETERAN PREMiUM STEAK HOUSE,4 of 5
110,Da Nang,Restaurants,https://www.tripadvisor.com/Restaurants-g298085-Da_Nang.html,Leaf - Drinks And More,4 of 5
111,Hue,Hotels,https://www.tripadvisor.com/Hotels-g293926-Hue_Thua_Thien_Hue_Province-Hotels.html,Vinpearl Hotel Hue,4.5 of 5
112,Hue,Hotels,https://www.tripadvisor.com/Hotels-g293926-Hue_Thua_Thien_Hue_Province-Hotels.html,Hue Serene Palace Hotel,5 of 5
113,Hue,Hotels,https://www.tripadvisor.com/Hotels-g293926-Hue_Thua_Thien_Hue_Province-Hotels.html,Pilgrimage Village,4.5 of 5
114,Hue,Hotels,https://www.tripadvisor.com/Hotels-g293926-Hue_Thua_Thien_Hue_Province-Hotels.html,Thanh Lich Royal Boutique Hotel,4.5 of 5
115,Hue,Hotels,https://www.tripadvisor.com/Hotels-g293926-Hue_Thua_Thien_Hue_Province-Hotels.html,The Scarlett Boutique Hotel,5 of 5
116,Hue,Hotels,https://www.tripadvisor.com/Hotels-g293926-Hue_Thua_Thien_Hue_Province-Hotels.html,EMM Hotel Hue,4.5 of 5
117,Hue,Hotels,https://www.tripadvisor.com/Hotels-g293926-Hue_Thua_Thien_Hue_Province-Hotels.html,Rosaleen Boutique Hotel,4.5 of 5
118,Hue,Hotels,https://www.tripadvisor.com/Hotels-g293926-Hue_Thua_Thien_Hue_Province-Hotels.html,Moonlight Hotel Hue,4.5 of 5
119,Hue,Hotels,https://www.tripadvisor.com/Hotels-g293926-Hue_Thua_Thien_Hue_Province-Hotels.html,Hue Riverside Villa,5 of 5
120,Hue,Hotels,https://www.tripadvisor.com/Hotels-g293926-Hue_Thua_Thien_Hue_Province-Hotels.html,Nice Hue Hotel,4.5 of 5
121,Hue,Hotels,https://www.tripadvisor.com/Hotels-g293926-Hue_Thua_Thien_Hue_Province-Hotels.html,Muong Thanh Holiday Hue Hotel,4 of 5
122,Hue,Hotels,https://www.tripadvisor.com/Hotels-g293926-Hue_Thua_Thien_Hue_Province-Hotels.html,Alba Spa Hotel,4.5 of 5
123,Hue,Hotels,https://www.tripadvisor.com/Hotels-g293926-Hue_Thua_Thien_Hue_Province-Hotels.html,Hotel Saigon Morin,4.5 of 5
124,Hue,Hotels,https://www.tripadvisor.com/Hotels-g293926-Hue_Thua_Thien_Hue_Province-Hotels.html,Alba Wellness Resort by Fusion,5 of 5
125,Hue,Hotels,https://www.tripadvisor.com/Hotels-g293926-Hue_Thua_Thien_Hue_Province-Hotels.html,La Paix Hue,5 of 5
126,Hue,Hotels,https://www.tripadvisor.com/Hotels-g293926-Hue_Thua_Thien_Hue_Province-Hotels.html,Stop and Go Boutique Homestay Hue,5 of 5
127,Hue,Hotels,https://www.tripadvisor.com/Hotels-g293926-Hue_Thua_Thien_Hue_Province-Hotels.html,Hue Nino Hotel,5 of 5
128,Hue,Hotels,https://www.tripadvisor.com/Hotels-g293926-Hue_Thua_Thien_Hue_Province-Hotels.html,Eldora Hotel,4.5 of 5
129,Hue,Hotels,https://www.tripadvisor.com/Hotels-g293926-Hue_Thua_Thien_Hue_Province-Hotels.html,Gold Hotel Hue,4 of 5
130,Hue,Hotels,https://www.tripadvisor.com/Hotels-g293926-Hue_Thua_Thien_Hue_Province-Hotels.html,Hue Four Seasons Hotel,5 of 5
131,Hue,Hotels,https://www.tripadvisor.com/Hotels-g293926-Hue_Thua_Thien_Hue_Province-Hotels.html,Hue Ecolodge,4.5 of 5
132,Hue,Hotels,https://www.tripadvisor.com/Hotels-g293926-Hue_Thua_Thien_Hue_Province-Hotels.html,Than Thien Hotel - Friendly Hotel,4.5 of 5
133,Hue,Hotels,https://www.tripadvisor.com/Hotels-g293926-Hue_Thua_Thien_Hue_Province-Hotels.html,Sankofa Village Hill Resort & Spa,5 of 5
134,Hue,Hotels,https://www.tripadvisor.com/Hotels-g293926-Hue_Thua_Thien_Hue_Province-Hotels.html,Jade Hotel,5 of 5
135,Hue,Hotels,https://www.tripadvisor.com/Hotels-g293926-Hue_Thua_Thien_Hue_Province-Hotels.html,Beaulieu Boutique Hotel,4.5 of 5
136,Hue,Hotels,https://www.tripadvisor.com/Hotels-g293926-Hue_Thua_Thien_Hue_Province-Hotels.html,New Life Homestay,5 of 5
137,Hue,Hotels,https://www.tripadvisor.com/Hotels-g293926-Hue_Thua_Thien_Hue_Province-Hotels.html,Hue Garden Villa Hotel,4.5 of 5
138,Hue,Hotels,https://www.tripadvisor.com/Hotels-g293926-Hue_Thua_Thien_Hue_Province-Hotels.html,Charming Riverside Hotel,5 of 5
139,Hue,Hotels,https://www.tripadvisor.com/Hotels-g293926-Hue_Thua_Thien_Hue_Province-Hotels.html,Alba Hotel,4.5 of 5
140,Hue,Hotels,https://www.tripadvisor.com/Hotels-g293926-Hue_Thua_Thien_Hue_Province-Hotels.html,Le Robinet Homestay,4.5 of 5
141,Hue,Restaurants,https://www.tripadvisor.com/Restaurants-g293926-Hue_Thua_Thien_Hue_Province.html,Shino 2 Japanese Restaurant,4 of 5
142,Hue,Restaurants,https://www.tripadvisor.com/Restaurants-g293926-Hue_Thua_Thien_Hue_Province.html,Shinosushi,4 of 5
143,Hoi An,Hotels,https://www.tripadvisor.com/Hotels-g298082-Hoi_An_Quang_Nam_Province-Hotels.html,Allegro Hoi An - A Little Luxury Hotel & Spa,5 of 5
144,Hoi An,Hotels,https://www.tripadvisor.com/Hotels-g298082-Hoi_An_Quang_Nam_Province-Hotels.html,Little Hoi An . A Boutique Hotel & Spa,5 of 5
145,Hoi An,Hotels,https://www.tripadvisor.com/Hotels-g298082-Hoi_An_Quang_Nam_Province-Hotels.html,La Siesta Hoi An Resort & Spa,5 of 5
146,Hoi An,Hotels,https://www.tripadvisor.com/Hotels-g298082-Hoi_An_Quang_Nam_Province-Hotels.html,Little Riverside Hoi An – A Luxury Hotel & Spa,5 of 5
147,Hoi An,Hotels,https://www.tripadvisor.com/Hotels-g298082-Hoi_An_Quang_Nam_Province-Hotels.html,Lantana Boutique Hoi An Hotel,5 of 5
148,Hoi An,Hotels,https://www.tripadvisor.com/Hotels-g298082-Hoi_An_Quang_Nam_Province-Hotels.html,La Residencia . A Little Boutique Hotel & Spa,5 of 5
149,Hoi An,Hotels,https://www.tripadvisor.com/Hotels-g298082-Hoi_An_Quang_Nam_Province-Hotels.html,Hoi An Sincerity Hotel & Spa,5 of 5
150,Hoi An,Hotels,https://www.tripadvisor.com/Hotels-g298082-Hoi_An_Quang_Nam_Province-Hotels.html,Sunrise Premium Resort Hoi An,4.5 of 5
151,Hoi An,Hotels,https://www.tripadvisor.com/Hotels-g298082-Hoi_An_Quang_Nam_Province-Hotels.html,Hoi An Silk Marina Resort & Spa,5 of 5
152,Hoi An,Hotels,https://www.tripadvisor.com/Hotels-g298082-Hoi_An_Quang_Nam_Province-Hotels.html,Hoi An Eco Lodge & Spa,5 of 5
153,Hoi An,Hotels,https://www.tripadvisor.com/Hotels-g298082-Hoi_An_Quang_Nam_Province-Hotels.html,Victoria Hoi An Beach Resort & Spa,4.5 of 5
154,Hoi An,Hotels,https://www.tripadvisor.com/Hotels-g298082-Hoi_An_Quang_Nam_Province-Hotels.html,Belle Maison Hadana Hoi An Resort & Spa managed by H&K Hospitality,5 of 5
155,Hoi An,Hotels,https://www.tripadvisor.com/Hotels-g298082-Hoi_An_Quang_Nam_Province-Hotels.html,Lantana Riverside Hoi An Hotel.,5 of 5
156,Hoi An,Hotels,https://www.tripadvisor.com/Hotels-g298082-Hoi_An_Quang_Nam_Province-Hotels.html,Aira Boutique Hoi An Hotel & Villa,5 of 5
157,Hoi An,Hotels,https://www.tripadvisor.com/Hotels-g298082-Hoi_An_Quang_Nam_Province-Hotels.html,Silk Sense Hoi An River Resort,5 of 5
158,Hoi An,Hotels,https://www.tripadvisor.com/Hotels-g298082-Hoi_An_Quang_Nam_Province-Hotels.html,Ally Beach Boutique Hotel Hoian,5 of 5
159,Hoi An,Hotels,https://www.tripadvisor.com/Hotels-g298082-Hoi_An_Quang_Nam_Province-Hotels.html,Lasenta Boutique Hotel Hoian,4.5 of 5
160,Hoi An,Hotels,https://www.tripadvisor.com/Hotels-g298082-Hoi_An_Quang_Nam_Province-Hotels.html,Boutique Hoi An Resort,4.5 of 5
161,Hoi An,Hotels,https://www.tripadvisor.com/Hotels-g298082-Hoi_An_Quang_Nam_Province-Hotels.html,Gem Riverside Hotel,5 of 5
162,Hoi An,Hotels,https://www.tripadvisor.com/Hotels-g298082-Hoi_An_Quang_Nam_Province-Hotels.html,Le Pavillon Hoi An Luxury Resort & Spa,5 of 5
163,Hoi An,Hotels,https://www.tripadvisor.com/Hotels-g298082-Hoi_An_Quang_Nam_Province-Hotels.html,Hoi An Garden Palace & Spa,5 of 5
164,Hoi An,Hotels,https://www.tripadvisor.com/Hotels-g298082-Hoi_An_Quang_Nam_Province-Hotels.html,Silk Luxury Hotel & Spa by Embrace,4.5 of 5
165,Hoi An,Hotels,https://www.tripadvisor.com/Hotels-g298082-Hoi_An_Quang_Nam_Province-Hotels.html,Cozy Hoi An Boutique Villas,5 of 5
166,Hoi An,Hotels,https://www.tripadvisor.com/Hotels-g298082-Hoi_An_Quang_Nam_Province-Hotels.html,Hoi An Central Boutique Hotel & Spa,5 of 5
167,Hoi An,Hotels,https://www.tripadvisor.com/Hotels-g298082-Hoi_An_Quang_Nam_Province-Hotels.html,Hoi An Silk Village Resort & Spa by Embrace,5 of 5
168,Hoi An,Hotels,https://www.tripadvisor.com/Hotels-g298082-Hoi_An_Quang_Nam_Province-Hotels.html,Almanity Hoi An Wellness Resort,5 of 5
169,Hoi An,Hotels,https://www.tripadvisor.com/Hotels-g298082-Hoi_An_Quang_Nam_Province-Hotels.html,Hoi An Beach Resort,4 of 5
170,Hoi An,Hotels,https://www.tripadvisor.com/Hotels-g298082-Hoi_An_Quang_Nam_Province-Hotels.html,Venus Hotel & Spa,5 of 5
171,Hoi An,Hotels,https://www.tripadvisor.com/Hotels-g298082-Hoi_An_Quang_Nam_Province-Hotels.html,Golden Holiday Hotel & Spa,5 of 5
172,Hoi An,Hotels,https://www.tripadvisor.com/Hotels-g298082-Hoi_An_Quang_Nam_Province-Hotels.html,Laluna Hoi An Riverside Hotel & Spa,5 of 5
173,Hoi An,Things to Do,https://www.tripadvisor.com/Attractions-g298082-Activities-Hoi_An_Quang_Nam_Province.html,1. ,5 of 5
174,Hoi An,Things to Do,https://www.tripadvisor.com/Attractions-g298082-Activities-Hoi_An_Quang_Nam_Province.html,Hoi An Ancient Town,0 of 5
175,Hoi An,Things to Do,https://www.tripadvisor.com/Attractions-g298082-Activities-Hoi_An_Quang_Nam_Province.html,2. ,4.5 of 5
176,Hoi An,Things to Do,https://www.tripadvisor.com/Attractions-g298082-Activities-Hoi_An_Quang_Nam_Province.html,Hoi An Night Market,0 of 5
177,Hoi An,Things to Do,https://www.tripadvisor.com/Attractions-g298082-Activities-Hoi_An_Quang_Nam_Province.html,3. ,4 of 5
178,Hoi An,Things to Do,https://www.tripadvisor.com/Attractions-g298082-Activities-Hoi_An_Quang_Nam_Province.html,Hoi An Lune Center,0 of 5
179,Hoi An,Things to Do,https://www.tripadvisor.com/Attractions-g298082-Activities-Hoi_An_Quang_Nam_Province.html,4. ,5 of 5
180,Hoi An,Things to Do,https://www.tripadvisor.com/Attractions-g298082-Activities-Hoi_An_Quang_Nam_Province.html,An Bang Beach,0 of 5
181,Hoi An,Things to Do,https://www.tripadvisor.com/Attractions-g298082-Activities-Hoi_An_Quang_Nam_Province.html,5. ,5 of 5
182,Hoi An,Things to Do,https://www.tripadvisor.com/Attractions-g298082-Activities-Hoi_An_Quang_Nam_Province.html,Precious Heritage by Rehahn,0 of 5
183,Hoi An,Things to Do,https://www.tripadvisor.com/Attractions-g298082-Activities-Hoi_An_Quang_Nam_Province.html,6. ,5 of 5
184,Hoi An,Things to Do,https://www.tripadvisor.com/Attractions-g298082-Activities-Hoi_An_Quang_Nam_Province.html,Tra Que Vegetable Village,0 of 5
185,Hoi An,Things to Do,https://www.tripadvisor.com/Attractions-g298082-Activities-Hoi_An_Quang_Nam_Province.html,7. ,4.5 of 5
186,Hoi An,Things to Do,https://www.tripadvisor.com/Attractions-g298082-Activities-Hoi_An_Quang_Nam_Province.html,Jack's Cat Cafe,0 of 5
187,Hoi An,Things to Do,https://www.tripadvisor.com/Attractions-g298082-Activities-Hoi_An_Quang_Nam_Province.html,8. ,5 of 5
188,Hoi An,Things to Do,https://www.tripadvisor.com/Attractions-g298082-Activities-Hoi_An_Quang_Nam_Province.html,Fukian Assembly Hall (Phuc Kien),0 of 5
189,Hoi An,Things to Do,https://www.tripadvisor.com/Attractions-g298082-Activities-Hoi_An_Quang_Nam_Province.html,9. ,5 of 5
190,Hoi An,Things to Do,https://www.tripadvisor.com/Attractions-g298082-Activities-Hoi_An_Quang_Nam_Province.html,Central Market,0 of 5
191,Hoi An,Things to Do,https://www.tripadvisor.com/Attractions-g298082-Activities-Hoi_An_Quang_Nam_Province.html,10. ,5 of 5
192,Hoi An,Things to Do,https://www.tripadvisor.com/Attractions-g298082-Activities-Hoi_An_Quang_Nam_Province.html,Japanese Covered Bridge,0 of 5
193,Hoi An,Restaurants,https://www.tripadvisor.com/Restaurants-g298082-Hoi_An_Quang_Nam_Province.html,FeFe Coffee,4 of 5
194,Hoi An,Restaurants,https://www.tripadvisor.com/Restaurants-g298082-Hoi_An_Quang_Nam_Province.html,Banh Mi Phuong,4 of 5
195,Hoi An,Restaurants,https://www.tripadvisor.com/Restaurants-g298082-Hoi_An_Quang_Nam_Province.html,The Espresso Station,4 of 5
196,Ha Long,Hotels,https://www.tripadvisor.com/Hotels-g293923-Halong_Bay_Quang_Ninh_Province-Hotels.html,Vinpearl Resort & Spa Ha Long,4.5 of 5
197,Ha Long,Hotels,https://www.tripadvisor.com/Hotels-g293923-Halong_Bay_Quang_Ninh_Province-Hotels.html,Novotel Ha Long Bay,4 of 5
198,Ha Long,Hotels,https://www.tripadvisor.com/Hotels-g293923-Halong_Bay_Quang_Ninh_Province-Hotels.html,Royal Lotus Halong Resort & Villas,4.5 of 5
199,Ha Long,Hotels,https://www.tripadvisor.com/Hotels-g293923-Halong_Bay_Quang_Ninh_Province-Hotels.html,Wyndham Legend Halong Hotel,4 of 5
200,Ha Long,Hotels,https://www.tripadvisor.com/Hotels-g293923-Halong_Bay_Quang_Ninh_Province-Hotels.html,Halong Paradise Suites Hotel,4.5 of 5
201,Ha Long,Hotels,https://www.tripadvisor.com/Hotels-g293923-Halong_Bay_Quang_Ninh_Province-Hotels.html,Halong Plaza Hotel,4.5 of 5
202,Ha Long,Hotels,https://www.tripadvisor.com/Hotels-g293923-Halong_Bay_Quang_Ninh_Province-Hotels.html,Ha Long DC Hotel,4 of 5
203,Ha Long,Hotels,https://www.tripadvisor.com/Hotels-g293923-Halong_Bay_Quang_Ninh_Province-Hotels.html,Muong Thanh Luxury Quang Ninh Hotel,3.5 of 5
204,Ha Long,Hotels,https://www.tripadvisor.com/Hotels-g293923-Halong_Bay_Quang_Ninh_Province-Hotels.html,Saigon Halong Hotel,3.5 of 5
205,Ha Long,Hotels,https://www.tripadvisor.com/Hotels-g293923-Halong_Bay_Quang_Ninh_Province-Hotels.html,Song Loc Luxury Hotel,4 of 5
206,Ha Long,Hotels,https://www.tripadvisor.com/Hotels-g293923-Halong_Bay_Quang_Ninh_Province-Hotels.html,Sun Bay Hotel,3.5 of 5
207,Ha Long,Hotels,https://www.tripadvisor.com/Hotels-g293923-Halong_Bay_Quang_Ninh_Province-Hotels.html,Merit Halong Hotel,5 of 5
208,Ha Long,Hotels,https://www.tripadvisor.com/Hotels-g293923-Halong_Bay_Quang_Ninh_Province-Hotels.html,Halong Fancy Hotel & Hostel,4 of 5
209,Ha Long,Hotels,https://www.tripadvisor.com/Hotels-g293923-Halong_Bay_Quang_Ninh_Province-Hotels.html,The Bay - Ha Long Homestay,5 of 5
210,Ha Long,Hotels,https://www.tripadvisor.com/Hotels-g293923-Halong_Bay_Quang_Ninh_Province-Hotels.html,Ha Long Park Hotel,4 of 5
211,Ha Long,Hotels,https://www.tripadvisor.com/Hotels-g293923-Halong_Bay_Quang_Ninh_Province-Hotels.html,Zostay Halong Backpackers,3 of 5
212,Ha Long,Hotels,https://www.tripadvisor.com/Hotels-g293923-Halong_Bay_Quang_Ninh_Province-Hotels.html,Halong Seoul Hotel,4.5 of 5
213,Ha Long,Hotels,https://www.tripadvisor.com/Hotels-g293923-Halong_Bay_Quang_Ninh_Province-Hotels.html,Moon Bay Ha Long Hotel,3.5 of 5
214,Ha Long,Hotels,https://www.tripadvisor.com/Hotels-g293923-Halong_Bay_Quang_Ninh_Province-Hotels.html,Babycat Guesthouse,4.5 of 5
215,Ha Long,Hotels,https://www.tripadvisor.com/Hotels-g293923-Halong_Bay_Quang_Ninh_Province-Hotels.html,Halong Palace Hotel,4 of 5
216,Ha Long,Hotels,https://www.tripadvisor.com/Hotels-g293923-Halong_Bay_Quang_Ninh_Province-Hotels.html,CityBay Palace Hotel,4 of 5
217,Ha Long,Hotels,https://www.tripadvisor.com/Hotels-g293923-Halong_Bay_Quang_Ninh_Province-Hotels.html,Starlight Hotel,4 of 5
218,Ha Long,Hotels,https://www.tripadvisor.com/Hotels-g293923-Halong_Bay_Quang_Ninh_Province-Hotels.html,Cultural Centre Theatre Guesthouse,4 of 5
219,Ha Long,Hotels,https://www.tripadvisor.com/Hotels-g293923-Halong_Bay_Quang_Ninh_Province-Hotels.html,New Star Ha Long Hotel,1 of 5
220,Ha Long,Hotels,https://www.tripadvisor.com/Hotels-g293923-Halong_Bay_Quang_Ninh_Province-Hotels.html,Hai Sam Hotel,4 of 5
221,Ha Long,Hotels,https://www.tripadvisor.com/Hotels-g293923-Halong_Bay_Quang_Ninh_Province-Hotels.html,Luxury Halong Hotel,3 of 5
222,Ha Long,Hotels,https://www.tripadvisor.com/Hotels-g293923-Halong_Bay_Quang_Ninh_Province-Hotels.html,Ho Tay Hotel,2.5 of 5
223,Ha Long,Things to Do,https://www.tripadvisor.com/Attractions-g293923-Activities-Halong_Bay_Quang_Ninh_Province.html,1. ,5 of 5
224,Ha Long,Things to Do,https://www.tripadvisor.com/Attractions-g293923-Activities-Halong_Bay_Quang_Ninh_Province.html,Halong Bay,0 of 5
225,Ha Long,Things to Do,https://www.tripadvisor.com/Attractions-g293923-Activities-Halong_Bay_Quang_Ninh_Province.html,2. ,4.5 of 5
226,Ha Long,Things to Do,https://www.tripadvisor.com/Attractions-g293923-Activities-Halong_Bay_Quang_Ninh_Province.html,Bai Tu Long Bay,0 of 5
227,Ha Long,Things to Do,https://www.tripadvisor.com/Attractions-g293923-Activities-Halong_Bay_Quang_Ninh_Province.html,3. ,5 of 5
228,Ha Long,Things to Do,https://www.tripadvisor.com/Attractions-g293923-Activities-Halong_Bay_Quang_Ninh_Province.html,Pont Bai Chay,0 of 5
229,Ha Long,Things to Do,https://www.tripadvisor.com/Attractions-g293923-Activities-Halong_Bay_Quang_Ninh_Province.html,4. ,5 of 5
230,Ha Long,Things to Do,https://www.tripadvisor.com/Attractions-g293923-Activities-Halong_Bay_Quang_Ninh_Province.html,Sun World Ha Long Complex,0 of 5
231,Ha Long,Things to Do,https://www.tripadvisor.com/Attractions-g293923-Activities-Halong_Bay_Quang_Ninh_Province.html,5. ,5 of 5
232,Ha Long,Things to Do,https://www.tripadvisor.com/Attractions-g293923-Activities-Halong_Bay_Quang_Ninh_Province.html,Sung Sot Cave,0 of 5
233,Ha Long,Things to Do,https://www.tripadvisor.com/Attractions-g293923-Activities-Halong_Bay_Quang_Ninh_Province.html,6. ,5 of 5
234,Ha Long,Things to Do,https://www.tripadvisor.com/Attractions-g293923-Activities-Halong_Bay_Quang_Ninh_Province.html,Dong Thien Cung,0 of 5
235,Ha Long,Things to Do,https://www.tripadvisor.com/Attractions-g293923-Activities-Halong_Bay_Quang_Ninh_Province.html,7. ,4.5 of 5
236,Ha Long,Things to Do,https://www.tripadvisor.com/Attractions-g293923-Activities-Halong_Bay_Quang_Ninh_Province.html,Ti Top Island,0 of 5
237,Ha Long,Things to Do,https://www.tripadvisor.com/Attractions-g293923-Activities-Halong_Bay_Quang_Ninh_Province.html,8. ,5 of 5
238,Ha Long,Things to Do,https://www.tripadvisor.com/Attractions-g293923-Activities-Halong_Bay_Quang_Ninh_Province.html,Dau Go Cave,0 of 5
239,Ha Long,Things to Do,https://www.tripadvisor.com/Attractions-g293923-Activities-Halong_Bay_Quang_Ninh_Province.html,9. ,5 of 5
240,Ha Long,Things to Do,https://www.tripadvisor.com/Attractions-g293923-Activities-Halong_Bay_Quang_Ninh_Province.html,Castaway Island,0 of 5
241,Ha Long,Things to Do,https://www.tripadvisor.com/Attractions-g293923-Activities-Halong_Bay_Quang_Ninh_Province.html,10. ,5 of 5
242,Ha Long,Things to Do,https://www.tripadvisor.com/Attractions-g293923-Activities-Halong_Bay_Quang_Ninh_Province.html,Cua Van Floating Village,0 of 5
243,Sapa,Hotels,https://www.tripadvisor.com/Hotels-g311304-Sapa_Lao_Cai_Province-Hotels.html,My Boutique Hotel & Spa,5 of 5
244,Sapa,Hotels,https://www.tripadvisor.com/Hotels-g311304-Sapa_Lao_Cai_Province-Hotels.html,Aira Boutique Sapa Hotel & Spa,5 of 5
245,Sapa,Hotels,https://www.tripadvisor.com/Hotels-g311304-Sapa_Lao_Cai_Province-Hotels.html,Topas Ecolodge,4.5 of 5
246,Sapa,Hotels,https://www.tripadvisor.com/Hotels-g311304-Sapa_Lao_Cai_Province-Hotels.html,Sapa Horizon Hotel,5 of 5
247,Sapa,Hotels,https://www.tripadvisor.com/Hotels-g311304-Sapa_Lao_Cai_Province-Hotels.html,Hotel de la Coupole Mgallery,4.5 of 5
248,Sapa,Hotels,https://www.tripadvisor.com/Hotels-g311304-Sapa_Lao_Cai_Province-Hotels.html,Victoria Sapa Resort and Spa,4.5 of 5
249,Sapa,Hotels,https://www.tripadvisor.com/Hotels-g311304-Sapa_Lao_Cai_Province-Hotels.html,Paos Sapa Leisure Hotel,5 of 5
250,Sapa,Hotels,https://www.tripadvisor.com/Hotels-g311304-Sapa_Lao_Cai_Province-Hotels.html,Sapa Freesia Hotel,5 of 5
251,Sapa,Hotels,https://www.tripadvisor.com/Hotels-g311304-Sapa_Lao_Cai_Province-Hotels.html,Eden Boutique Hotel Sapa,5 of 5
252,Sapa,Hotels,https://www.tripadvisor.com/Hotels-g311304-Sapa_Lao_Cai_Province-Hotels.html,Sapa Clay House - Mountain Retreat,5 of 5
253,Sapa,Hotels,https://www.tripadvisor.com/Hotels-g311304-Sapa_Lao_Cai_Province-Hotels.html,Amazing Hotel Sapa,4.5 of 5
254,Sapa,Hotels,https://www.tripadvisor.com/Hotels-g311304-Sapa_Lao_Cai_Province-Hotels.html,Silk Path Grand Resort & Spa,5 of 5
255,Sapa,Hotels,https://www.tripadvisor.com/Hotels-g311304-Sapa_Lao_Cai_Province-Hotels.html,Sapa Relax Hotel & Spa,5 of 5
256,Sapa,Hotels,https://www.tripadvisor.com/Hotels-g311304-Sapa_Lao_Cai_Province-Hotels.html,BB Hotel Sapa,4.5 of 5
257,Sapa,Hotels,https://www.tripadvisor.com/Hotels-g311304-Sapa_Lao_Cai_Province-Hotels.html,Sapa Dragon Hotel,5 of 5
258,Sapa,Hotels,https://www.tripadvisor.com/Hotels-g311304-Sapa_Lao_Cai_Province-Hotels.html,Eco Palms House,5 of 5
259,Sapa,Hotels,https://www.tripadvisor.com/Hotels-g311304-Sapa_Lao_Cai_Province-Hotels.html,Sapa Diamond Hotel,4.5 of 5
260,Sapa,Hotels,https://www.tripadvisor.com/Hotels-g311304-Sapa_Lao_Cai_Province-Hotels.html,Golden Villa Sapa Hotel,4.5 of 5
261,Sapa,Hotels,https://www.tripadvisor.com/Hotels-g311304-Sapa_Lao_Cai_Province-Hotels.html,Pi's Boutique Sapa Hotel,5 of 5
262,Sapa,Hotels,https://www.tripadvisor.com/Hotels-g311304-Sapa_Lao_Cai_Province-Hotels.html,Sapa Eco-Home - Mountain Retreat,4.5 of 5
263,Sapa,Hotels,https://www.tripadvisor.com/Hotels-g311304-Sapa_Lao_Cai_Province-Hotels.html,Sapa Panorama Hotel,3.5 of 5
264,Sapa,Hotels,https://www.tripadvisor.com/Hotels-g311304-Sapa_Lao_Cai_Province-Hotels.html,Azure Sapa Hotel,4.5 of 5
265,Sapa,Hotels,https://www.tripadvisor.com/Hotels-g311304-Sapa_Lao_Cai_Province-Hotels.html,Pistachio Hotel Sapa,5 of 5
266,Sapa,Hotels,https://www.tripadvisor.com/Hotels-g311304-Sapa_Lao_Cai_Province-Hotels.html,Bamboo Sapa Hotel,4 of 5
267,Sapa,Hotels,https://www.tripadvisor.com/Hotels-g311304-Sapa_Lao_Cai_Province-Hotels.html,Sapa Legend Hotel & Spa,4.5 of 5
268,Sapa,Hotels,https://www.tripadvisor.com/Hotels-g311304-Sapa_Lao_Cai_Province-Hotels.html,Lacasa Hotel,4.5 of 5
269,Sapa,Hotels,https://www.tripadvisor.com/Hotels-g311304-Sapa_Lao_Cai_Province-Hotels.html,Sapa Unique Hotel,4.5 of 5
270,Sapa,Hotels,https://www.tripadvisor.com/Hotels-g311304-Sapa_Lao_Cai_Province-Hotels.html,Sapa Garden Bed and Breakfast,4.5 of 5
271,Sapa,Hotels,https://www.tripadvisor.com/Hotels-g311304-Sapa_Lao_Cai_Province-Hotels.html,Sapa Village Hotel,4.5 of 5
272,Sapa,Hotels,https://www.tripadvisor.com/Hotels-g311304-Sapa_Lao_Cai_Province-Hotels.html,Sapa Green Hotel & Spa,5 of 5
273,Sapa,Things to Do,https://www.tripadvisor.com/Attractions-g311304-Activities-Sapa_Lao_Cai_Province.html,1. ,5 of 5
274,Sapa,Things to Do,https://www.tripadvisor.com/Attractions-g311304-Activities-Sapa_Lao_Cai_Province.html,Fansipan Mountain,0 of 5
275,Sapa,Things to Do,https://www.tripadvisor.com/Attractions-g311304-Activities-Sapa_Lao_Cai_Province.html,2. ,4.5 of 5
276,Sapa,Things to Do,https://www.tripadvisor.com/Attractions-g311304-Activities-Sapa_Lao_Cai_Province.html,Muong Hoa Valley,0 of 5
277,Sapa,Things to Do,https://www.tripadvisor.com/Attractions-g311304-Activities-Sapa_Lao_Cai_Province.html,3. ,4.5 of 5
278,Sapa,Things to Do,https://www.tripadvisor.com/Attractions-g311304-Activities-Sapa_Lao_Cai_Province.html,Sun World Fansipan Legend,0 of 5
279,Sapa,Things to Do,https://www.tripadvisor.com/Attractions-g311304-Activities-Sapa_Lao_Cai_Province.html,4. ,4.5 of 5
280,Sapa,Things to Do,https://www.tripadvisor.com/Attractions-g311304-Activities-Sapa_Lao_Cai_Province.html,Love Waterfall,0 of 5
281,Sapa,Things to Do,https://www.tripadvisor.com/Attractions-g311304-Activities-Sapa_Lao_Cai_Province.html,5. ,5 of 5
282,Sapa,Things to Do,https://www.tripadvisor.com/Attractions-g311304-Activities-Sapa_Lao_Cai_Province.html,Cat Cat village,0 of 5
283,Sapa,Things to Do,https://www.tripadvisor.com/Attractions-g311304-Activities-Sapa_Lao_Cai_Province.html,6. ,4.5 of 5
284,Sapa,Things to Do,https://www.tripadvisor.com/Attractions-g311304-Activities-Sapa_Lao_Cai_Province.html,Thac Bac Waterfall (Silver Falls),0 of 5
285,Sapa,Things to Do,https://www.tripadvisor.com/Attractions-g311304-Activities-Sapa_Lao_Cai_Province.html,7. ,4.5 of 5
286,Sapa,Things to Do,https://www.tripadvisor.com/Attractions-g311304-Activities-Sapa_Lao_Cai_Province.html,Ta Phin Village,0 of 5
287,Sapa,Things to Do,https://www.tripadvisor.com/Attractions-g311304-Activities-Sapa_Lao_Cai_Province.html,8. ,5 of 5
288,Sapa,Things to Do,https://www.tripadvisor.com/Attractions-g311304-Activities-Sapa_Lao_Cai_Province.html,Ham Rong Mountain,0 of 5
289,Sapa,Things to Do,https://www.tripadvisor.com/Attractions-g311304-Activities-Sapa_Lao_Cai_Province.html,9. ,5 of 5
290,Sapa,Things to Do,https://www.tripadvisor.com/Attractions-g311304-Activities-Sapa_Lao_Cai_Province.html,Terraced Rice Fields in Shin Chai Village,0 of 5
291,Sapa,Things to Do,https://www.tripadvisor.com/Attractions-g311304-Activities-Sapa_Lao_Cai_Province.html,10. ,4.5 of 5
292,Sapa,Things to Do,https://www.tripadvisor.com/Attractions-g311304-Activities-Sapa_Lao_Cai_Province.html,O Quy Ho Mountain Pass,0 of 5
